{
  "box_dimension": 0.0,
  "data_source": "canonical_from_qec_bridge",
  "embedding_quality_series": {
    "1": 5.656854249492381,
    "2": 22.627416997969522,
    "3": 90.50966799187809,
    "4": 362.03867196751236,
    "5": 1448.1546878700494,
    "6": 4096.0,
    "7": 16384.0,
    "8": 65536.0,
    "9": 262144.0,
    "10": 1048576.0,
    "11": 4194304.0,
    "12": 16777216.0,
    "13": 67108864.0,
    "14": 268435456.0,
    "15": 1073741824.0,
    "16": 4294967296.0,
    "17": 17179869184.0
  },
  "epsilon_fn_description": "custom",
  "epsilon_rule_name": "theorematic_mn_sep_v1",
  "first_loss_n": null,
  "governance_note": "Diagnostic only \u2014 does NOT prove MetricSeparationLossExists (E-077), global R\u00b3 embedding (E-078), or Minkowski\u2013Bouligand dimension (E-079).",
  "loss_flags": {
    "1": false,
    "2": false,
    "3": false,
    "4": false,
    "5": false,
    "6": false,
    "7": false,
    "8": false,
    "9": false,
    "10": false,
    "11": false,
    "12": false,
    "13": false,
    "14": false,
    "15": false,
    "16": false,
    "17": false
  },
  "metric_name": "euclidean_l2_r3",
  "overlap_count_series": {
    "1": 0,
    "2": 0,
    "3": 0,
    "4": 0,
    "5": 0,
    "6": 0,
    "7": 0,
    "8": 0,
    "9": 0,
    "10": 0,
    "11": 0,
    "12": 0,
    "13": 0,
    "14": 0,
    "15": 0,
    "16": 0,
    "17": 0
  },
  "overlap_series": {
    "1": 0.0,
    "2": 0.0,
    "3": 0.0,
    "4": 0.0,
    "5": 0.0,
    "6": 0.0,
    "7": 0.0,
    "8": 0.0,
    "9": 0.0,
    "10": 0.0,
    "11": 0.0,
    "12": 0.0,
    "13": 0.0,
    "14": 0.0,
    "15": 0.0,
    "16": 0.0,
    "17": 0.0
  },
  "sep_series": {
    "1": 1.4142135623730951,
    "2": 1.4142135623730951,
    "3": 1.4142135623730951,
    "4": 1.4142135623730951,
    "5": 1.4142135623730951,
    "6": 1.0,
    "7": 1.0,
    "8": 1.0,
    "9": 1.0,
    "10": 1.0,
    "11": 1.0,
    "12": 1.0,
    "13": 1.0,
    "14": 1.0,
    "15": 1.0,
    "16": 1.0,
    "17": 1.0
  }
}
