{
  "generated_at_utc": "2026-07-02T11:10:55.318754+00:00",
  "script_version": "smoothness_b_bound_summary_v1",
  "limits": [
    1000,
    10000,
    100000
  ],
  "summary": {
    "most_stable_b_bound": 11,
    "max_effect_size_scale_last": 11
  },
  "trends": [
    {
      "b_bound": 3,
      "v_start": 0.1318094737632215,
      "v_end": 0.0199461623042654,
      "v_delta": -0.11186331145895609,
      "v_ratio": 0.15132571077626844,
      "log10_p_start": -1.8863295678626089,
      "log10_p_end": -4.319594874893151,
      "log10_p_delta": -2.4332653070305423,
      "stability_score": 0.6536657647087325
    },
    {
      "b_bound": 5,
      "v_start": 0.18741389207353001,
      "v_end": 0.035234658730147625,
      "v_delta": -0.1521792333433824,
      "v_ratio": 0.1880045195172813,
      "log10_p_start": -3.8135362563818602,
      "log10_p_end": -13.479210601242896,
      "log10_p_delta": -9.665674344861035,
      "stability_score": 2.534152512558915
    },
    {
      "b_bound": 7,
      "v_start": 0.223921861524909,
      "v_end": 0.051562837219506455,
      "v_delta": -0.17235902430540256,
      "v_ratio": 0.23027156378731078,
      "log10_p_start": -5.443989911745488,
      "log10_p_end": -28.866752744718166,
      "log10_p_delta": -23.42276283297268,
      "stability_score": 6.647192295987898
    },
    {
      "b_bound": 11,
      "v_start": 0.24041354488957498,
      "v_end": 0.06540992369366472,
      "v_delta": -0.17500362119591026,
      "v_ratio": 0.27207253952229826,
      "log10_p_start": -6.275411139227021,
      "log10_p_end": -46.45276878831623,
      "log10_p_delta": -40.1773576490892,
      "stability_score": 12.63852277207935
    }
  ]
}