feature,pearson_r,spearman_rho,mutual_information
eabc_mass,-0.25060811612582595,-0.2588656208208973,0.4150722958305214
eabc_spread,-0.15700697856293347,-0.2267125964709535,0.33445835267398893
chiral_norm,0.009860853340966827,-0.11022141502711037,0.24279944467518857
proton_eabc_mass,-0.4257478428856037,-0.5299560663696603,0.43689240375475796
channel_e,-0.09140528853745795,-0.1846372364689991,0.1005134864870298
channel_a,-0.288264855843827,-0.2752938671433007,0.2564123574199128
channel_b,0.004507830516149798,0.017407765595569783,0.04194461231070372
channel_c,,,0.0
