{
  "by_mod8": {
    "1": {
      "collective_geom2_distance": 0.422265625,
      "collective_valuation_samples": 128000,
      "lag1_autocorr_mean": 0.08519168513928223,
      "max_geom2_distance": 0.74609375,
      "mean_geom2_distance": 0.4337396774291992,
      "min_geom2_distance": 0.03125,
      "mod8": 1,
      "pair_distribution_l1_deviation": 0.5262180338246407,
      "positional_geom2": {
        "0": 0.75,
        "1": 0.027605468750000015,
        "10": 0.20252343750000001,
        "11": 0.22988964843749998,
        "12": 0.2255234375,
        "13": 0.2555234375,
        "14": 0.26049999999999995,
        "15": 0.2810234375,
        "16": 0.2725234375,
        "17": 0.2995,
        "18": 0.30700000000000005,
        "19": 0.32001171874999995,
        "2": 0.047,
        "20": 0.3185,
        "21": 0.3615,
        "22": 0.3490234375,
        "23": 0.362,
        "24": 0.385,
        "25": 0.3665,
        "26": 0.37450000000000006,
        "27": 0.4030234375,
        "28": 0.4165,
        "29": 0.40375585937499997,
        "3": 0.055373046875000005,
        "30": 0.4165,
        "31": 0.41700000000000004,
        "32": 0.441,
        "33": 0.43,
        "34": 0.45599999999999996,
        "35": 0.477,
        "36": 0.48350000000000004,
        "37": 0.47,
        "38": 0.4760234375,
        "39": 0.47450000000000003,
        "4": 0.07455859375,
        "40": 0.4975,
        "41": 0.5100234375,
        "42": 0.53,
        "43": 0.544,
        "44": 0.5535,
        "45": 0.56,
        "46": 0.573,
        "47": 0.581,
        "48": 0.591,
        "49": 0.604,
        "5": 0.09050817871093753,
        "50": 0.6125,
        "51": 0.623,
        "52": 0.6265,
        "53": 0.633,
        "54": 0.6345,
        "55": 0.65,
        "56": 0.6550234375,
        "57": 0.6575,
        "58": 0.663,
        "59": 0.673,
        "6": 0.11361718750000002,
        "60": 0.6775,
        "61": 0.6785,
        "62": 0.6845,
        "63": 0.691,
        "7": 0.15003515625,
        "8": 0.1901171875,
        "9": 0.1966171875
      },
      "tail_corrected_tv_max": 0.74609375,
      "tail_corrected_tv_mean": 0.4337396774291992,
      "tail_corrected_tv_min": 0.03125
    },
    "3": {
      "collective_geom2_distance": 0.43648474121093755,
      "collective_valuation_samples": 128000,
      "lag1_autocorr_mean": -0.0010792881159056302,
      "max_geom2_distance": 0.7333984375,
      "mean_geom2_distance": 0.44757139587402345,
      "min_geom2_distance": 0.03125,
      "mod8": 3,
      "pair_distribution_l1_deviation": 0.5265073545603426,
      "positional_geom2": {
        "0": 0.5,
        "1": 0.500697265625,
        "10": 0.24053515625,
        "11": 0.26702343749999996,
        "12": 0.2865234375,
        "13": 0.2710234375,
        "14": 0.27852343749999997,
        "15": 0.30102343750000005,
        "16": 0.3125234375,
        "17": 0.3215,
        "18": 0.3205234375,
        "19": 0.349,
        "2": 0.07711718749999999,
        "20": 0.358,
        "21": 0.37752343749999995,
        "22": 0.392,
        "23": 0.38249999999999995,
        "24": 0.37849999999999995,
        "25": 0.4135,
        "26": 0.40149999999999997,
        "27": 0.404,
        "28": 0.4105234375,
        "29": 0.41800000000000004,
        "3": 0.12056677246093751,
        "30": 0.41800000000000004,
        "31": 0.4175234375,
        "32": 0.4330234375,
        "33": 0.47850000000000004,
        "34": 0.477,
        "35": 0.48000000000000004,
        "36": 0.4875234375,
        "37": 0.483,
        "38": 0.48950000000000005,
        "39": 0.49424999999999997,
        "4": 0.13510546875,
        "40": 0.51,
        "41": 0.536,
        "42": 0.5475,
        "43": 0.564,
        "44": 0.5745,
        "45": 0.581,
        "46": 0.6025,
        "47": 0.612,
        "48": 0.619,
        "49": 0.6285,
        "5": 0.1245703125,
        "50": 0.6355,
        "51": 0.6455,
        "52": 0.6485,
        "53": 0.657,
        "54": 0.6625,
        "55": 0.668,
        "56": 0.6695,
        "57": 0.689,
        "58": 0.6865,
        "59": 0.686,
        "6": 0.1880234375,
        "60": 0.691,
        "61": 0.6955,
        "62": 0.6965,
        "63": 0.702,
        "7": 0.22953515624999998,
        "8": 0.20650000000000002,
        "9": 0.22952343749999998
      },
      "tail_corrected_tv_max": 0.7333984375,
      "tail_corrected_tv_mean": 0.44757139587402345,
      "tail_corrected_tv_min": 0.03125
    },
    "5": {
      "collective_geom2_distance": 0.47768750000000004,
      "collective_valuation_samples": 128000,
      "lag1_autocorr_mean": 0.08499687254018214,
      "max_geom2_distance": 0.7490234375,
      "mean_geom2_distance": 0.48755013275146486,
      "min_geom2_distance": 0.03125,
      "mod8": 5,
      "pair_distribution_l1_deviation": 0.5083970770975054,
      "positional_geom2": {
        "0": 0.750244140625,
        "1": 0.0985570068359375,
        "10": 0.2945234375,
        "11": 0.323469482421875,
        "12": 0.3244013671875,
        "13": 0.3250234375,
        "14": 0.355,
        "15": 0.3785,
        "16": 0.375,
        "17": 0.392,
        "18": 0.40551171874999997,
        "19": 0.41500000000000004,
        "2": 0.13400683593749999,
        "20": 0.4155,
        "21": 0.4360234375,
        "22": 0.44199999999999995,
        "23": 0.45499999999999996,
        "24": 0.45599999999999996,
        "25": 0.4585,
        "26": 0.46399999999999997,
        "27": 0.470255859375,
        "28": 0.469,
        "29": 0.47450000000000003,
        "3": 0.16475,
        "30": 0.48850000000000005,
        "31": 0.492,
        "32": 0.5115,
        "33": 0.513,
        "34": 0.520255859375,
        "35": 0.521,
        "36": 0.541,
        "37": 0.5385234375,
        "38": 0.54351171875,
        "39": 0.558,
        "4": 0.17059375000000002,
        "40": 0.5725,
        "41": 0.5775,
        "42": 0.5840234375,
        "43": 0.605,
        "44": 0.614,
        "45": 0.6275,
        "46": 0.627,
        "47": 0.629,
        "48": 0.64,
        "49": 0.6485,
        "5": 0.2190234375,
        "50": 0.659,
        "51": 0.662,
        "52": 0.6655,
        "53": 0.668,
        "54": 0.675,
        "55": 0.682,
        "56": 0.683,
        "57": 0.694,
        "58": 0.7015,
        "59": 0.6975,
        "6": 0.24201171875,
        "60": 0.7005,
        "61": 0.706,
        "62": 0.709,
        "63": 0.709,
        "7": 0.248992919921875,
        "8": 0.272779296875,
        "9": 0.28102343750000003
      },
      "tail_corrected_tv_max": 0.7490234375,
      "tail_corrected_tv_mean": 0.48755013275146486,
      "tail_corrected_tv_min": 0.03125
    },
    "7": {
      "collective_geom2_distance": 0.3616015625,
      "collective_valuation_samples": 128000,
      "lag1_autocorr_mean": 0.11054162786029587,
      "max_geom2_distance": 0.7177734375,
      "mean_geom2_distance": 0.38206949615478514,
      "min_geom2_distance": 0.03125,
      "mod8": 7,
      "pair_distribution_l1_deviation": 0.5736340201562112,
      "positional_geom2": {
        "0": 0.5,
        "1": 0.5,
        "10": 0.15353515625,
        "11": 0.13753515625,
        "12": 0.189,
        "13": 0.1811572265625,
        "14": 0.1970234375,
        "15": 0.1810234375,
        "16": 0.22151171874999998,
        "17": 0.23503515625000002,
        "18": 0.25653515624999995,
        "19": 0.248,
        "2": 0.04677343750000002,
        "20": 0.2920081787109375,
        "21": 0.267,
        "22": 0.27552343749999997,
        "23": 0.2905234375,
        "24": 0.3035234375,
        "25": 0.3060234375,
        "26": 0.30553515625,
        "27": 0.32155859375,
        "28": 0.332,
        "29": 0.3450234375,
        "3": 0.093541015625,
        "30": 0.3815,
        "31": 0.4165234375,
        "32": 0.397,
        "33": 0.389,
        "34": 0.399,
        "35": 0.399,
        "36": 0.404,
        "37": 0.41675,
        "38": 0.4455,
        "39": 0.493,
        "4": 0.116767578125,
        "40": 0.49850000000000005,
        "41": 0.5065,