{
  "claim": "Syracuse valuation and first-passage diagnostic only; no Collatz proof",
  "collective_geom2_distance": 0.43975976562499997,
  "elapsed_seconds": 25.469572666974273,
  "first_passage_threshold": "relative threshold floor(N/2), not Tao fixed-x first passage",
  "geom2_metric_scope": "aggregated marginal distribution only; iid independence not tested",
  "hit_rate": 1.0,
  "hits": 8000,
  "lag1_autocorr_mean": 0.08198947895979004,
  "limit": 1000000,
  "max_geom2_distance": 0.7490234375,
  "max_steps": 10000,
  "mean_geom2_distance": 0.45127388763427734,
  "mean_passage_time": 6.2595,
  "median_passage_time": 3,
  "min_geom2_distance": 0.015625,
  "misses": 0,
  "pair_distribution_l1_deviation": 0.5336452492874463,
  "positional_geom2": {
    "0": 0.03,
    "1": 0.040370849609374995,
    "10": 0.2371484375,
    "11": 0.2566484375,
    "12": 0.2787734375,
    "13": 0.2812529296875,
    "14": 0.30062500000000003,
    "15": 0.30837792968749994,
    "16": 0.322742919921875,
    "17": 0.333375,
    "18": 0.34675,
    "19": 0.35477343749999996,
    "2": 0.062541015625,
    "20": 0.37549999999999994,
    "21": 0.37,
    "22": 0.388,
    "23": 0.390625,
    "24": 0.3945,
    "25": 0.4046484375,
    "26": 0.4135,
    "27": 0.41525,
    "28": 0.4165,
    "29": 0.42674999999999996,
    "3": 0.09190429687499999,
    "30": 0.43725,
    "31": 0.44875000000000004,
    "32": 0.460125,
    "33": 0.471,
    "34": 0.479,
    "35": 0.480375,
    "36": 0.489,
    "37": 0.495625,
    "38": 0.50925,
    "39": 0.517125,
    "4": 0.128154296875,
    "40": 0.529875,
    "41": 0.545625,
    "42": 0.560625,
    "43": 0.571625,
    "44": 0.581125,
    "45": 0.58775,
    "46": 0.5965,
    "47": 0.606875,
    "48": 0.6173779296874999,
    "49": 0.625125,
    "5": 0.15425,
    "50": 0.634125,
    "51": 0.641875,
    "52": 0.646375,
    "53": 0.65075,
    "54": 0.658625,
    "55": 0.66475,
    "56": 0.66925,
    "57": 0.673875,
    "58": 0.68,
    "59": 0.684625,
    "6": 0.17474511718750002,
    "60": 0.689125,
    "61": 0.69325,
    "62": 0.69875,
    "63": 0.70175,
    "7": 0.20075,
    "8": 0.20652343750000002,
    "9": 0.2301484375
  },
  "profile_steps": 64,
  "samples": 8000,
  "sampling": "continuous log-scale approximation over odd integers",
  "seed": 20260706,
  "status": "[B] numerical diagnostic",
  "tag": "[B]",
  "tail_corrected_tv_max": 0.7490234375,
  "tail_corrected_tv_mean": 0.45127388763427734,
  "tail_corrected_tv_min": 0.015625,
  "tao_fixed_threshold_note": "Companion Tao-style fixed-x first passage at [10, 100, 1000, 10000]; primary CSV/summary uses relative floor(N/2) net-descent threshold per row.",
  "tao_fixed_thresholds": {
    "10": {
      "claim": "Syracuse valuation and first-passage diagnostic only; no Collatz proof",
      "collective_geom2_distance": 0.4369375,
      "first_passage_threshold": "Tao-style fixed-x first passage at x=10",
      "geom2_metric_scope": "aggregated marginal distribution only; iid independence not tested",
      "hit_rate": 1.0,
      "hits": 2000,
      "lag1_autocorr_mean": 0.09006526851433268,
      "limit": 1000000,
      "max_geom2_distance": 0.74609375,
      "max_steps": 10000,
      "mean_geom2_distance": 0.448516357421875,
      "mean_passage_time": 25.1135,
      "median_passage_time": 20,
      "min_geom2_distance": 0.015625,
      "misses": 0,
      "pair_distribution_l1_deviation": 0.5373373994079117,
      "positional_geom2": {
        "0": 0.04121875000000001,
        "1": 0.02565722656250001,
        "10": 0.23803515625,
        "11": 0.2570234375,
        "12": 0.27902343749999997,
        "13": 0.276,
        "14": 0.3015234375,
        "15": 0.3113779296875,
        "16": 0.32552343749999996,
        "17": 0.33953515625,
        "18": 0.3505234375,
        "19": 0.3500234375,
        "2": 0.06753515624999999,
        "20": 0.38049999999999995,
        "21": 0.362,
        "22": 0.402,
        "23": 0.38701171875,
        "24": 0.39252343749999996,
        "25": 0.40702343750000003,
        "26": 0.42000000000000004,
        "27": 0.41200000000000003,
        "28": 0.4155,
        "29": 0.4215,
        "3": 0.09227343750000001,
        "30": 0.433755859375,
        "31": 0.44199999999999995,
        "32": 0.45199999999999996,
        "33": 0.46499999999999997,
        "34": 0.47,
        "35": 0.47350000000000003,
        "36": 0.4880234375,
        "37": 0.4925,
        "38": 0.5045,
        "39": 0.5135,
        "4": 0.1505234375,
        "40": 0.5245,
        "41": 0.539,
        "42": 0.556,
        "43": 0.562,
        "44": 0.572,
        "45": 0.5795,
        "46": 0.585,
        "47": 0.5975,
        "48": 0.606,
        "49": 0.6145,
        "5": 0.1655,
        "50": 0.628,
        "51": 0.635,
        "52": 0.638,
        "53": 0.6455,
        "54": 0.657,
        "55": 0.6595,
        "56": 0.66,
        "57": 0.665,
        "58": 0.6725,
        "59": 0.68,
        "6": 0.1616171875,
        "60": 0.6855,
        "61": 0.691,
        "62": 0.697,
        "63": 0.701,
        "7": 0.20631445312500002,
        "8": 0.20252343750000001,
        "9": 0.23099999999999998
      },
      "profile_steps": 64,
      "samples": 2000,
      "sampling": "continuous log-scale approximation over odd integers",
      "seed": 20260706,
      "status": "[B] numerical diagnostic",
      "tag": "[B]",
      "tail_corrected_tv_max": 0.74609375,
      "tail_corrected_tv_mean": 0.448516357421875,
      "tail_corrected_tv_min": 0.015625,
      "threshold": 10,
      "threshold_mode": "fixed",
      "threshold_type": "Tao-style fixed-x first passage"
    },
    "100": {
      "claim": "Syracuse valuation and first-passage diagnostic only; no Collatz proof",
      "collective_geom2_distance": 0.4321953125,
      "first_passage_threshold": "Tao-style fixed-x first passage at x=100",
      "geom2_metric_scope": "aggregated marginal distribution only; iid independence not tested",
      "hit_rate": 1.0,
      "hits": 2000,
      "lag1_autocorr_mean": 0.0763893413417348,
      "limit": 1000000,
      "max_geom2_distance": 0.749755859375,
      "max_steps": 10000,
      "mean_geom2_distance": 0.44501416015625,
      "mean_passage_time": 14.085,
      "median_passage_time": 9,
      "min_geom2_distance": 0.015625,
      "misses": 0,
      "pair_distribution_l1_deviation": 0.5382349771982866,
      "positional_geom2": {
        "0": 0.04146679687499997,
        "1": 0.028901367187500002,
        "10": 0.230046875,
        "11": 0.2375234375,
        "12": 0.2575,
        "13": 0.27849999999999997,
        "14": 0.30302343750000005,
        "15": 0.3025234375,
        "16": 0.3030234375,
        "17": 0.3195234375,
        "18": 0.35251171875,
        "19": 0.346,
        "2": 0.0706640625,
        "20": 0.3505234375,
        "21": 0.361,
        "22": 0.384,
        "23": 0.381,
        "24": 0.38302343749999995,
        "25": 0.3915234375,
        "26": 0.399,
        "27": 0.41102343750000003,
        "28": 0.4105,
        "29": 0.41300000000000003,
        "3": 0.08653515625,
        "30": 0.438,
        "31": 0.453779296875,
        "32": 0.4555,
        "33": 0.4615234375,
        "34": 0.4675,
        "35": 0.488,
        "36": 0.487,
        "37": 0.5035,
        "38": 0.505,
        "39": 0.5295,
        "4": 0.13101171875,
        "40": 0.5305,
        "41": 0.542,
        "42": 0.5505,
        "43": 0.5675,
        "44": 0.576,
        "45": 0.58,
        "46": 0.586,
        "47": 0.5985,
        "48": 0.611,
        "49": 0.617,
        "5": 0.159873046875,
        "50": 0.6205,
        "51": 0.6245,
        "52": 0.631,
        "53": 0.639,
        "54": 0.6455,
        "55": 0.6505,
        "56": 0.667,
        "57": 0.6675,
        "58": 0.666,
        "59": 0.671,
        "6": 0.15749999999999997,
        "60": 0.6765,
        "61": 0.684,
        "62": 0.691,
        "63": 0.6925,
        "7": 0.1825234375,
        "8": 0.20590136718750002,
        "9": 0.21300000000000002
      },